{
  "name": "密函驱逐-A",
  "version": "2.0",
  "created_time": "2026-01-02 20:27:27",
  "total_time": 22.2,
  "action_count": 88,
  "actions": [
    {
      "type": "key_down",
      "time": 0.6000000000000001,
      "key": "q"
    },
    {
      "type": "key_up",
      "time": 1.6,
      "key": "q"
    },
    {
      "type": "mouse_move",
      "time": 2.1,
      "dx": -12,
      "dy": -40,
      "source": "arrow_key"
    },
    {
      "type": "key_down",
      "time": 2.6,
      "key": "space"
    },
    {
      "type": "key_up",
      "time": 2.8000000000000003,
      "key": "space"
    },
    {
      "type": "key_down",
      "time": 2.9,
      "key": "e"
    },
    {
      "type": "key_up",
      "time": 2.92,
      "key": "e"
    },
    {
      "type": "mouse_down",
      "time": 2.92,
      "button": "left"
    },
    {
      "type": "mouse_down",
      "time": 2.92,
      "button": "left"
    },
    {
      "type": "mouse_up",
      "time": 3.2,
      "button": "left"
    },
    {
      "type": "mouse_up",
      "time": 3.2,
      "button": "left"
    },
    {
      "type": "mouse_down",
      "time": 3.2,
      "button": "right"
    },
    {
      "type": "mouse_up",
      "time": 3.799999999999999,
      "button": "right"
    },
    {
      "type": "mouse_down",
      "time": 3.799999999999999,
      "button": "left"
    },
    {
      "type": "mouse_down",
      "time": 3.799999999999999,
      "button": "left"
    },
    {
      "type": "mouse_up",
      "time": 3.8999999999999986,
      "button": "left"
    },
    {
      "type": "mouse_up",
      "time": 3.8999999999999986,
      "button": "left"
    },
    {
      "type": "mouse_move",
      "time": 4.1,
      "dx": 0,
      "dy": 40,
      "source": "hotkey_offset"
    },
    {
      "type": "mouse_move",
      "time": 4.1,
      "dx": 9,
      "dy": 0,
      "source": "arrow_key"
    },
    {
      "type": "mouse_move",
      "time": 4.3,
      "dx": -110,
      "dy": -110,
      "source": "arrow_key"
    },
    {
      "type": "mouse_down",
      "time": 4.5,
      "button": "left"
    },
    {
      "type": "mouse_up",
      "time": 4.8,
      "button": "left"
    },
    {
      "type": "mouse_down",
      "time": 5.1,
      "button": "left"
    },
    {
      "type": "mouse_up",
      "time": 5.4,
      "button": "left"
    },
    {
      "type": "mouse_move",
      "time": 5.5,
      "dx": 65,
      "dy": 0,
      "source": "arrow_key"
    },
    {
      "type": "key_down",
      "time": 6.2,
      "key": "e"
    },
    {
      "type": "key_up",
      "time": 6.22,
      "key": "e"
    },
    {
      "type": "mouse_down",
      "time": 6.22,
      "button": "left"
    },
    {
      "type": "mouse_down",
      "time": 6.22,
      "button": "left"
    },
    {
      "type": "mouse_up",
      "time": 6.499999999999999,
      "button": "left"
    },
    {
      "type": "mouse_up",
      "time": 6.499999999999999,
      "button": "left"
    },
    {
      "type": "mouse_down",
      "time": 6.499999999999999,
      "button": "right"
    },
    {
      "type": "mouse_up",
      "time": 6.8999999999999995,
      "button": "right"
    },
    {
      "type": "mouse_down",
      "time": 6.8999999999999995,
      "button": "left"
    },
    {
      "type": "mouse_down",
      "time": 6.8999999999999995,
      "button": "left"
    },
    {
      "type": "mouse_up",
      "time": 6.999999999999999,
      "button": "left"
    },
    {
      "type": "mouse_up",
      "time": 6.999999999999999,
      "button": "left"
    },
    {
      "type": "mouse_move",
      "time": 7.2,
      "dx": 20,
      "dy": 10,
      "source": "arrow_key"
    },
    {
      "type": "mouse_down",
      "time": 7.799999999999999,
      "button": "left"
    },
    {
      "type": "mouse_up",
      "time": 8.099999999999998,
      "button": "left"
    },
    {
      "type": "mouse_down",
      "time": 8.399999999999997,
      "button": "left"
    },
    {
      "type": "mouse_up",
      "time": 8.699999999999998,
      "button": "left"
    },
    {
      "type": "mouse_down",
      "time": 9.0,
      "button": "left"
    },
    {
      "type": "mouse_up",
      "time": 9.299999999999997,
      "button": "left"
    },
    {
      "type": "mouse_down",
      "time": 9.599999999999998,
      "button": "left"
    },
    {
      "type": "mouse_up",
      "time": 9.899999999999999,
      "button": "left"
    },
    {
      "type": "mouse_move",
      "time": 10.0,
      "dx": -150,
      "dy": -70,
      "source": "arrow_key"
    },
    {
      "type": "mouse_down",
      "time": 10.049999999999999,
      "button": "left"
    },
    {
      "type": "mouse_up",
      "time": 10.35,
      "button": "left"
    },
    {
      "type": "mouse_down",
      "time": 10.649999999999999,
      "button": "left"
    },
    {
      "type": "mouse_up",
      "time": 10.95,
      "button": "left"
    },
    {
      "type": "mouse_down",
      "time": 11.2,
      "button": "left"
    },
    {
      "type": "mouse_up",
      "time": 11.5,
      "button": "left"
    },
    {
      "type": "mouse_move",
      "time": 12.2,
      "dx": 630,
      "dy": 0,
      "source": "arrow_key"
    },
    {
      "type": "key_down",
      "time": 12.500000000000002,
      "key": "e"
    },
    {
      "type": "key_up",
      "time": 12.520000000000001,
      "key": "e"
    },
    {
      "type": "mouse_down",
      "time": 12.520000000000001,
      "button": "left"
    },
    {
      "type": "mouse_up",
      "time": 12.820000000000002,
      "button": "left"
    },
    {
      "type": "mouse_down",
      "time": 12.820000000000002,
      "button": "right"
    },
    {
      "type": "mouse_up",
      "time": 14.3,
      "button": "right"
    },
    {
      "type": "key_down",
      "time": 15.1,
      "key": "shift"
    },
    {
      "type": "key_up",
      "time": 15.3,
      "key": "shift"
    },
    {
      "type": "mouse_move",
      "time": 15.33,
      "dx": 120,
      "dy": 160,
      "source": "arrow_key"
    },
    {
      "type": "mouse_down",
      "time": 15.63,
      "button": "left"
    },
    {
      "type": "mouse_up",
      "time": 15.930000000000001,
      "button": "left"
    },
    {
      "type": "mouse_down",
      "time": 16.23,
      "button": "left"
    },
    {
      "type": "mouse_up",
      "time": 16.53,
      "button": "left"
    },
    {
      "type": "mouse_move",
      "time": 17.33,
      "dx": -20,
      "dy": -150,
      "source": "arrow_key"
    },
    {
      "type": "mouse_down",
      "time": 17.43,
      "button": "left"
    },
    {
      "type": "mouse_up",
      "time": 17.73,
      "button": "left"
    },
    {
      "type": "mouse_down",
      "time": 18.030000000000005,
      "button": "left"
    },
    {
      "type": "mouse_up",
      "time": 18.330000000000005,
      "button": "left"
    },
    {
      "type": "mouse_move",
      "time": 18.43,
      "dx": -35,
      "dy": 70,
      "source": "arrow_key"
    },
    {
      "type": "mouse_down",
      "time": 18.630000000000003,
      "button": "left"
    },
    {
      "type": "mouse_up",
      "time": 18.930000000000007,
      "button": "left"
    },
    {
      "type": "mouse_move",
      "time": 19.21,
      "dx": -50,
      "dy": 40,
      "source": "arrow_key"
    },
    {
      "type": "mouse_down",
      "time": 19.230000000000004,
      "button": "left"
    },
    {
      "type": "mouse_up",
      "time": 19.530000000000005,
      "button": "left"
    },
    {
      "type": "mouse_down",
      "time": 19.830000000000005,
      "button": "left"
    },
    {
      "type": "mouse_up",
      "time": 20.130000000000006,
      "button": "left"
    },
    {
      "type": "mouse_down",
      "time": 20.33,
      "button": "left"
    },
    {
      "type": "mouse_up",
      "time": 20.63,
      "button": "left"
    },
    {
      "type": "mouse_down",
      "time": 20.93,
      "button": "left"
    },
    {
      "type": "mouse_up",
      "time": 21.23,
      "button": "left"
    },
    {
      "type": "mouse_down",
      "time": 21.53,
      "button": "left"
    },
    {
      "type": "mouse_up",
      "time": 21.83,
      "button": "left"
    },
    {
      "type": "mouse_down",
      "time": 22.13,
      "button": "left"
    },
    {
      "type": "mouse_up",
      "time": 22.2,
      "button": "left"
    }
  ]
}