{
  "name": "密函驱逐-B",
  "version": "2.0",
  "created_time": "2026-01-02 18:47:51",
  "total_time": 17.74,
  "action_count": 82,
  "actions": [
    {
      "type": "key_down",
      "time": 0.7000000000000001,
      "key": "q"
    },
    {
      "type": "key_up",
      "time": 1.7000000000000002,
      "key": "q"
    },
    {
      "type": "mouse_move",
      "time": 2.2,
      "dx": -12,
      "dy": -40,
      "source": "arrow_key"
    },
    {
      "type": "key_down",
      "time": 2.7,
      "key": "space"
    },
    {
      "type": "key_up",
      "time": 2.9000000000000004,
      "key": "space"
    },
    {
      "type": "key_down",
      "time": 3.0,
      "key": "e"
    },
    {
      "type": "key_up",
      "time": 3.02,
      "key": "e"
    },
    {
      "type": "mouse_down",
      "time": 3.02,
      "button": "left"
    },
    {
      "type": "mouse_down",
      "time": 3.02,
      "button": "left"
    },
    {
      "type": "mouse_up",
      "time": 3.3000000000000003,
      "button": "left"
    },
    {
      "type": "mouse_up",
      "time": 3.3000000000000003,
      "button": "left"
    },
    {
      "type": "mouse_down",
      "time": 3.3000000000000003,
      "button": "right"
    },
    {
      "type": "mouse_up",
      "time": 3.899999999999999,
      "button": "right"
    },
    {
      "type": "mouse_down",
      "time": 3.899999999999999,
      "button": "left"
    },
    {
      "type": "mouse_down",
      "time": 3.899999999999999,
      "button": "left"
    },
    {
      "type": "mouse_up",
      "time": 3.9999999999999987,
      "button": "left"
    },
    {
      "type": "mouse_up",
      "time": 3.9999999999999987,
      "button": "left"
    },
    {
      "type": "mouse_move",
      "time": 4.8,
      "dx": 10,
      "dy": 10,
      "source": "arrow_key"
    },
    {
      "type": "mouse_down",
      "time": 4.8,
      "button": "left"
    },
    {
      "type": "mouse_up",
      "time": 5.1,
      "button": "left"
    },
    {
      "type": "mouse_move",
      "time": 5.9,
      "dx": 10,
      "dy": -250,
      "source": "arrow_key"
    },
    {
      "type": "mouse_down",
      "time": 5.901,
      "button": "left"
    },
    {
      "type": "mouse_up",
      "time": 6.2,
      "button": "left"
    },
    {
      "type": "mouse_move",
      "time": 6.7,
      "dx": -290,
      "dy": 0,
      "source": "arrow_key"
    },
    {
      "type": "key_down",
      "time": 6.749999999999999,
      "key": "e"
    },
    {
      "type": "key_up",
      "time": 6.769999999999999,
      "key": "e"
    },
    {
      "type": "mouse_down",
      "time": 6.769999999999999,
      "button": "left"
    },
    {
      "type": "mouse_down",
      "time": 6.769999999999999,
      "button": "left"
    },
    {
      "type": "mouse_up",
      "time": 7.05,
      "button": "left"
    },
    {
      "type": "mouse_up",
      "time": 7.05,
      "button": "left"
    },
    {
      "type": "mouse_down",
      "time": 7.05,
      "button": "right"
    },
    {
      "type": "mouse_up",
      "time": 7.549999999999997,
      "button": "right"
    },
    {
      "type": "mouse_down",
      "time": 7.549999999999997,
      "button": "left"
    },
    {
      "type": "mouse_down",
      "time": 7.549999999999997,
      "button": "left"
    },
    {
      "type": "mouse_up",
      "time": 7.649999999999997,
      "button": "left"
    },
    {
      "type": "mouse_up",
      "time": 7.649999999999997,
      "button": "left"
    },
    {
      "type": "mouse_move",
      "time": 8.6,
      "dx": 340,
      "dy": 180,
      "source": "arrow_key"
    },
    {
      "type": "mouse_down",
      "time": 8.899999999999999,
      "button": "left"
    },
    {
      "type": "mouse_up",
      "time": 9.200000000000001,
      "button": "left"
    },
    {
      "type": "mouse_move",
      "time": 9.5,
      "dx": -50,
      "dy": 70,
      "source": "arrow_key"
    },
    {
      "type": "mouse_down",
      "time": 9.500000000000002,
      "button": "left"
    },
    {
      "type": "mouse_up",
      "time": 9.8,
      "button": "left"
    },
    {
      "type": "mouse_move",
      "time": 10.3,
      "dx": -70,
      "dy": -120,
      "source": "arrow_key"
    },
    {
      "type": "mouse_down",
      "time": 10.4,
      "button": "left"
    },
    {
      "type": "mouse_up",
      "time": 10.799999999999999,
      "button": "left"
    },
    {
      "type": "mouse_down",
      "time": 11.1,
      "button": "left"
    },
    {
      "type": "mouse_up",
      "time": 11.4,
      "button": "left"
    },
    {
      "type": "mouse_move",
      "time": 11.7,
      "dx": 40,
      "dy": 0,
      "source": "arrow_key"
    },
    {
      "type": "mouse_down",
      "time": 11.7,
      "button": "left"
    },
    {
      "type": "mouse_up",
      "time": 12.0,
      "button": "left"
    },
    {
      "type": "mouse_move",
      "time": 12.2,
      "dx": -60,
      "dy": 0,
      "source": "arrow_key"
    },
    {
      "type": "key_down",
      "time": 12.21,
      "key": "e"
    },
    {
      "type": "key_up",
      "time": 12.22,
      "key": "e"
    },
    {
      "type": "mouse_down",
      "time": 12.22,
      "button": "left"
    },
    {
      "type": "mouse_down",
      "time": 12.22,
      "button": "left"
    },
    {
      "type": "mouse_up",
      "time": 12.499999999999998,
      "button": "left"
    },
    {
      "type": "mouse_up",
      "time": 12.499999999999998,
      "button": "left"
    },
    {
      "type": "mouse_down",
      "time": 12.499999999999998,
      "button": "right"
    },
    {
      "type": "mouse_up",
      "time": 12.800000000000002,
      "button": "right"
    },
    {
      "type": "mouse_down",
      "time": 12.800000000000002,
      "button": "left"
    },
    {
      "type": "mouse_down",
      "time": 12.800000000000002,
      "button": "left"
    },
    {
      "type": "mouse_up",
      "time": 12.83,
      "button": "left"
    },
    {
      "type": "mouse_up",
      "time": 12.830000000000002,
      "button": "left"
    },
    {
      "type": "mouse_move",
      "time": 13.33,
      "dx": 100,
      "dy": -10,
      "source": "arrow_key"
    },
    {
      "type": "mouse_down",
      "time": 13.43,
      "button": "left"
    },
    {
      "type": "mouse_up",
      "time": 13.73,
      "button": "left"
    },
    {
      "type": "mouse_down",
      "time": 14.030000000000005,
      "button": "left"
    },
    {
      "type": "mouse_up",
      "time": 14.330000000000002,
      "button": "left"
    },
    {
      "type": "mouse_move",
      "time": 14.62,
      "dx": 0,
      "dy": 100,
      "source": "arrow_key"
    },
    {
      "type": "mouse_down",
      "time": 14.630000000000006,
      "button": "left"
    },
    {
      "type": "mouse_up",
      "time": 14.930000000000003,
      "button": "left"
    },
    {
      "type": "mouse_down",
      "time": 15.23,
      "button": "left"
    },
    {
      "type": "mouse_up",
      "time": 15.530000000000005,
      "button": "left"
    },
    {
      "type": "mouse_move",
      "time": 15.82,
      "dx": -73,
      "dy": 0,
      "source": "arrow_key"
    },
    {
      "type": "mouse_down",
      "time": 15.830000000000002,
      "button": "left"
    },
    {
      "type": "mouse_up",
      "time": 16.130000000000006,
      "button": "left"
    },
    {
      "type": "mouse_down",
      "time": 16.43,
      "button": "left"
    },
    {
      "type": "mouse_up",
      "time": 16.74,
      "button": "left"
    },
    {
      "type": "mouse_down",
      "time": 17.04,
      "button": "left"
    },
    {
      "type": "mouse_up",
      "time": 17.34,
      "button": "left"
    },
    {
      "type": "mouse_down",
      "time": 17.639999999999997,
      "button": "left"
    },
    {
      "type": "mouse_up",
      "time": 17.74,
      "button": "left"
    }
  ]
}